image,box,x1,y1,x2,y2,label
data/processed/signs_v0/images/test/Placa100_D2_jpg.jpg,0,535.2,103.0,612.8,210.0,STOP
data/processed/signs_v0/images/test/Placa100_D2_jpg.jpg,1,527.0,249.0,574.0,369.0,PEDESTRIAN_CROSSING
data/processed/signs_v0/images/test/Placa100_E1_jpg.jpg,0,245.5,425.5,372.5,546.5,PEDESTRIAN_CROSSING
data/processed/signs_v0/images/test/Placa103_E1_jpg.jpg,0,178.0,322.0,233.0,393.0,PEDESTRIAN_CROSSING
data/processed/signs_v0/images/test/Placa103_E1_jpg.jpg,1,440.2,360.7,455.8,380.2,SKIP
data/processed/signs_v0/images/test/Placa103_E1_jpg.jpg,2,404.8,358.5,431.2,374.5,SKIP
data/processed/signs_v0/images/test/Placa106_D2_JPG.jpg,0,151.0,238.0,306.0,351.0,PEDESTRIAN_CROSSING
data/processed/signs_v0/images/test/Placa108_E2_jpg.jpg,0,116.0,208.5,187.0,311.5,OTHER
data/processed/signs_v0/images/test/Placa110_D1_jpg.jpg,0,80.0,200.5,173.0,311.5,OTHER
data/processed/signs_v0/images/test/Placa110_D1_jpg.jpg,1,110.0,425.0,205.0,518.0,OTHER
data/processed/signs_v0/images/test/Placa110_D1_jpg.jpg,2,90.0,316.5,187.0,420.5,OTHER
data/processed/signs_v0/images/test/Placa110_D2_JPG.jpg,0,411.0,163.0,500.0,299.0,OTHER
data/processed/signs_v0/images/test/Placa111_D2_jpg.jpg,0,266.0,224.5,385.0,356.5,PEDESTRIAN_CROSSING
data/processed/signs_v0/images/test/Placa112_D2_jpg.jpg,0,392.7,223.8,512.2,324.2,OTHER
data/processed/signs_v0/images/test/Placa113_D2_jpg.jpg,0,300.2,167.5,368.7,262.5,OTHER
data/processed/signs_v0/images/test/Placa120_D2_jpg.jpg,0,528.0,306.5,563.0,403.5,SKIP
data/processed/signs_v0/images/test/Placa120_E1_jpg.jpg,0,123.0,264.5,165.0,351.5,OTHER
data/processed/signs_v0/images/test/Placa120_E1_jpg.jpg,1,533.2,252.2,567.7,287.8,SKIP
data/processed/signs_v0/images/test/Placa120_E1_jpg.jpg,2,10.8,195.3,45.2,231.8,OTHER
data/processed/signs_v0/images/test/Placa120_E2_JPG.jpg,0,472.5,76.5,572.5,191.5,SPEED_LIMIT_60
data/processed/signs_v0/images/test/Placa126_D1_jpg.jpg,0,213.5,276.5,363.5,427.5,OTHER
data/processed/signs_v0/images/test/Placa126_D2_jpg.jpg,0,276.0,487.0,367.0,577.0,SKIP
data/processed/signs_v0/images/test/Placa126_E2_JPG.jpg,0,227.7,335.2,321.2,428.8,OTHER
data/processed/signs_v0/images/test/Placa130_D2_JPG.jpg,0,501.0,210.5,584.0,310.5,SPEED_LIMIT_60
data/processed/signs_v0/images/test/Placa130_E2_jpg.jpg,0,102.5,290.2,147.5,362.7,SPEED_LIMIT_30
data/processed/signs_v0/images/test/Placa136_D1_jpg.jpg,0,528.5,271.0,584.5,339.0,OTHER
data/processed/signs_v0/images/test/Placa136_D2_jpg.jpg,0,530.0,257.0,585.0,393.0,PEDESTRIAN_CROSSING
data/processed/signs_v0/images/test/Placa136_E2_JPG.jpg,0,189.5,255.5,301.5,349.5,OTHER
data/processed/signs_v0/images/test/Placa14_D2_JPG.jpg,0,169.0,202.0,263.0,259.0,SKIP
data/processed/signs_v0/images/test/Placa172_E2_jpg.jpg,0,184.0,172.5,261.0,328.5,PEDESTRIAN_CROSSING
data/processed/signs_v0/images/test/Placa183_E1_jpg.jpg,0,88.2,254.8,185.7,352.3,OTHER
data/processed/signs_v0/images/test/Placa198_E2_JPG.jpg,0,339.2,205.5,390.7,286.5,SPEED_LIMIT_60
data/processed/signs_v0/images/test/Placa199_D2_JPG.jpg,0,485.0,432.0,589.0,485.0,SPEED_LIMIT_60
data/processed/signs_v0/images/test/Placa201_E2_jpg.jpg,0,97.0,248.0,157.0,342.0,OTHER
data/processed/signs_v0/images/test/Placa212_D2_jpg.jpg,0,248.5,78.5,324.5,145.5,OTHER
data/processed/signs_v0/images/test/Placa212_E1_jpg.jpg,0,97.5,294.5,141.5,388.5,OTHER
data/processed/signs_v0/images/test/Placa242_E1_jpg.jpg,0,85.0,290.0,123.0,382.0,OTHER
data/processed/signs_v0/images/test/Placa242_E1_jpg.jpg,1,238.5,339.0,262.5,358.0,SKIP
data/processed/signs_v0/images/test/Placa250_D1_jpg.jpg,0,519.0,251.3,563.0,335.8,OTHER
data/processed/signs_v0/images/test/Placa250_E2_jpg.jpg,0,182.2,165.7,237.8,284.2,SPEED_LIMIT_60
data/processed/signs_v0/images/test/Placa260_E2_jpg.jpg,0,105.5,233.5,183.5,378.5,PEDESTRIAN_CROSSING
data/processed/signs_v0/images/test/Placa277_E1_jpg.jpg,0,140.0,331.0,186.0,417.0,PEDESTRIAN_CROSSING
data/processed/signs_v0/images/test/Placa279_E1_jpg.jpg,0,221.5,77.0,300.5,108.0,OTHER
data/processed/signs_v0/images/test/Placa279_E1_jpg.jpg,1,286.5,495.5,309.5,521.5,SKIP
data/processed/signs_v0/images/test/Placa280_E2_jpg.jpg,0,149.7,216.5,211.2,351.5,PEDESTRIAN_CROSSING
data/processed/signs_v0/images/test/Placa280_E2_jpg.jpg,1,95.3,285.7,150.8,392.2,OTHER
data/processed/signs_v0/images/test/Placa284_D1_jpg.jpg,0,326.5,335.5,351.5,352.5,SKIP
data/processed/signs_v0/images/test/Placa284_D1_jpg.jpg,1,265.5,57.5,312.5,86.5,SKIP
data/processed/signs_v0/images/test/Placa284_D1_jpg.jpg,2,319.0,481.5,346.0,499.5,SKIP
data/processed/signs_v0/images/test/Placa291_D1_jpg.jpg,0,265.5,519.5,395.5,609.5,OTHER
data/processed/signs_v0/images/test/Placa291_E2_jpg.jpg,0,81.5,305.5,124.5,407.5,OTHER
data/processed/signs_v0/images/test/Placa296_D1_jpg.jpg,0,539.0,256.0,559.0,294.0,SPEED_LIMIT_60
data/processed/signs_v0/images/test/Placa296_E2_jpg.jpg,0,406.7,204.8,434.2,230.3,SKIP
data/processed/signs_v0/images/test/Placa296_E2_jpg.jpg,1,466.5,197.7,493.5,223.2,SKIP
data/processed/signs_v0/images/test/Placa296_E2_jpg.jpg,2,436.7,200.8,464.2,226.3,SKIP
data/processed/signs_v0/images/test/Placa303_D2_JPG.jpg,0,204.0,293.0,296.0,404.0,OTHER
data/processed/signs_v0/images/test/Placa314_D1_jpg.jpg,0,547.5,309.2,577.5,408.7,OTHER
data/processed/signs_v0/images/test/Placa314_D2_JPG.jpg,0,316.5,459.5,468.5,574.5,PEDESTRIAN_CROSSING
data/processed/signs_v0/images/test/Placa317_D1_jpg.jpg,0,511.5,324.7,530.5,396.2,OTHER
data/processed/signs_v0/images/test/Placa327_D1_jpg.jpg,0,252.5,103.0,318.5,132.0,SPEED_LIMIT_30
data/processed/signs_v0/images/test/Placa327_D1_jpg.jpg,1,428.0,502.0,468.0,519.0,SKIP
data/processed/signs_v0/images/test/Placa327_D2_JPG.jpg,0,354.0,378.0,464.0,527.0,OTHER
data/processed/signs_v0/images/test/Placa327_D2_JPG.jpg,1,465.0,212.0,534.0,251.0,YIELD
data/processed/signs_v0/images/test/Placa328_D2_JPG.jpg,0,136.0,172.5,308.0,302.5,YIELD
data/processed/signs_v0/images/test/Placa328_D2_JPG.jpg,1,171.0,520.0,212.0,551.0,STOP
data/processed/signs_v0/images/test/Placa34_D2_jpg.jpg,0,550.2,326.0,582.7,423.0,OTHER
data/processed/signs_v0/images/test/Placa34_E1_jpg.jpg,0,465.0,2.5,569.0,270.5,OTHER
data/processed/signs_v0/images/test/Placa364_D1_jpg.jpg,0,464.5,213.5,512.5,323.5,OTHER
data/processed/signs_v0/images/test/Placa364_E1_JPG.jpg,0,75.5,179.5,304.5,329.5,OTHER
data/processed/signs_v0/images/test/Placa36_E1_jpg.jpg,0,36.8,214.3,169.3,308.8,OTHER
data/processed/signs_v0/images/test/Placa374_E1_jpg.jpg,0,334.0,97.0,416.0,154.0,SPEED_LIMIT_60
data/processed/signs_v0/images/test/Placa374_E_JPG.jpg,0,442.0,94.5,574.0,261.5,OTHER
data/processed/signs_v0/images/test/Placa376_D1_jpg.jpg,0,500.0,243.2,542.0,320.8,OTHER
data/processed/signs_v0/images/test/Placa376_E_JPG.jpg,0,445.2,92.8,523.7,195.2,SPEED_LIMIT_30
data/processed/signs_v0/images/test/Placa376_E_JPG.jpg,1,149.5,87.8,203.5,130.3,OTHER
data/processed/signs_v0/images/test/Placa377_E1_jpg.jpg,0,113.5,279.0,170.5,374.0,OTHER
data/processed/signs_v0/images/test/Placa385_D1_jpg.jpg,0,469.0,252.0,532.0,339.0,OTHER
data/processed/signs_v0/images/test/Placa385_D1_jpg.jpg,1,134.5,334.5,153.5,358.5,SKIP
data/processed/signs_v0/images/test/Placa385_D1_jpg.jpg,2,302.0,350.0,316.0,369.0,SKIP
data/processed/signs_v0/images/test/Placa394_E_JPG.jpg,0,301.5,108.5,427.5,295.5,OTHER
data/processed/signs_v0/images/test/Placa402_E_JPG.jpg,0,127.0,77.5,248.0,174.5,OTHER
data/processed/signs_v0/images/test/Placa408_E_JPG.jpg,0,314.7,90.0,410.2,193.0,OTHER
data/processed/signs_v0/images/test/Placa424_E_JPG.jpg,0,193.5,110.0,381.5,311.0,OTHER
data/processed/signs_v0/images/test/Placa433_E_JPG.jpg,0,87.5,172.5,227.5,295.5,SPEED_LIMIT_30
data/processed/signs_v0/images/test/Placa439_D1_jpg.jpg,0,508.8,310.5,550.3,382.5,OTHER
data/processed/signs_v0/images/test/Placa439_E_JPG.jpg,0,301.0,73.0,447.0,248.0,SPEED_LIMIT_30
data/processed/signs_v0/images/test/Placa43_D2_JPG.jpg,0,436.5,209.5,618.5,410.5,SPEED_LIMIT_60
data/processed/signs_v0/images/test/Placa43_E1_jpg.jpg,0,29.0,111.7,134.0,277.2,SPEED_LIMIT_60
data/processed/signs_v0/images/test/Placa43_E2_jpg.jpg,0,42.7,309.7,79.2,411.2,SKIP
data/processed/signs_v0/images/test/Placa445_E1_jpg.jpg,0,66.5,460.0,165.5,523.0,SKIP
data/processed/signs_v0/images/test/Placa445_E1_jpg.jpg,1,166.5,555.0,291.5,614.0,OTHER
data/processed/signs_v0/images/test/Placa445_E1_jpg.jpg,2,183.5,283.0,237.5,325.0,OTHER
data/processed/signs_v0/images/test/Placa445_E1_jpg.jpg,3,300.5,474.0,376.5,533.0,OTHER
data/processed/signs_v0/images/test/Placa445_E_JPG.jpg,0,49.0,230.0,246.0,397.0,OTHER
data/processed/signs_v0/images/test/Placa452_E1_jpg.jpg,0,67.8,223.0,140.2,348.0,OTHER
data/processed/signs_v0/images/test/Placa452_E1_jpg.jpg,1,368.5,320.0,383.5,350.0,SKIP
data/processed/signs_v0/images/test/Placa452_E1_jpg.jpg,2,243.0,201.2,280.0,263.7,SKIP
data/processed/signs_v0/images/test/Placa452_E1_jpg.jpg,3,277.7,314.7,299.2,354.2,SKIP
data/processed/signs_v0/images/test/Placa452_E_JPG.jpg,0,428.5,245.5,527.5,336.5,OTHER
data/processed/signs_v0/images/test/Placa453_E1_jpg.jpg,0,135.5,245.0,186.5,346.0,OTHER
data/processed/signs_v0/images/test/Placa461_D1_jpg.jpg,0,182.5,40.5,288.5,159.5,SKIP
data/processed/signs_v0/images/test/Placa470_D1_jpg.jpg,0,517.2,281.2,559.7,350.8,OTHER
data/processed/signs_v0/images/test/Placa470_E_JPG.jpg,0,153.0,333.0,321.0,410.0,SKIP
data/processed/signs_v0/images/test/Placa481_D1_jpg.jpg,0,368.5,465.0,426.5,556.0,SKIP
data/processed/signs_v0/images/test/Placa481_D1_jpg.jpg,1,284.0,158.5,312.0,176.5,SKIP
data/processed/signs_v0/images/test/Placa481_E_JPG.jpg,0,263.0,149.8,345.0,280.3,OTHER
data/processed/signs_v0/images/test/Placa489_E_JPG.jpg,0,237.5,67.5,373.5,267.5,SPEED_LIMIT_30
data/processed/signs_v0/images/test/Placa491_E_JPG.jpg,0,360.0,196.5,544.0,356.5,OTHER
data/processed/signs_v0/images/test/Placa493_D1_jpg.jpg,0,531.0,260.0,549.0,305.0,OTHER
data/processed/signs_v0/images/test/Placa493_E_JPG.jpg,0,331.5,76.7,476.5,328.2,OTHER
data/processed/signs_v0/images/test/Placa497_D1_jpg.jpg,0,555.0,257.5,584.0,324.5,SKIP
data/processed/signs_v0/images/test/Placa497_E_JPG.jpg,0,193.0,76.5,361.0,328.5,OTHER
data/processed/signs_v0/images/test/Placa500_E_JPG.jpg,0,258.3,130.2,384.8,313.8,OTHER
data/processed/signs_v0/images/test/Placa514_D1_jpg.jpg,0,332.5,178.0,357.5,202.0,SKIP
data/processed/signs_v0/images/test/Placa514_E_JPG.jpg,0,185.7,147.7,219.2,269.2,SKIP
data/processed/signs_v0/images/test/Placa517_E_JPG.jpg,0,193.5,37.0,255.5,248.0,SKIP
data/processed/signs_v0/images/test/Placa518_D1_jpg.jpg,0,457.5,294.5,487.5,352.5,OTHER
data/processed/signs_v0/images/test/Placa526_D1_jpg.jpg,0,517.2,276.0,551.7,339.0,SPEED_LIMIT_60
data/processed/signs_v0/images/test/Placa526_D1_jpg.jpg,1,394.8,283.0,429.2,336.0,PEDESTRIAN_CROSSING
data/processed/signs_v0/images/test/Placa528_D1_jpg.jpg,0,498.8,275.2,535.3,337.7,SPEED_LIMIT_80
data/processed/signs_v0/images/test/Placa532_D1_jpg.jpg,0,232.5,92.5,326.5,154.5,PEDESTRIAN_CROSSING
data/processed/signs_v0/images/test/Placa532_E_JPG.jpg,0,254.0,66.5,398.0,327.5,STOP
data/processed/signs_v0/images/test/Placa53_D2_JPG.jpg,0,340.0,352.0,451.0,484.0,SKIP
data/processed/signs_v0/images/test/Placa540_E_JPG.jpg,0,362.0,268.5,501.0,371.5,OTHER
data/processed/signs_v0/images/test/Placa547_D1_jpg.jpg,0,283.0,487.0,395.0,549.0,OTHER
data/processed/signs_v0/images/test/Placa547_E_JPG.jpg,0,135.5,197.0,335.5,346.0,OTHER
data/processed/signs_v0/images/test/Placa552_D1_jpg.jpg,0,234.0,76.0,310.0,145.0,SKIP
data/processed/signs_v0/images/test/Placa562_D1_jpg.jpg,0,530.0,305.7,558.0,375.2,OTHER
data/processed/signs_v0/images/test/Placa562_D1_jpg.jpg,1,337.2,314.7,360.7,358.2,OTHER
data/processed/signs_v0/images/test/Placa562_D1_jpg.jpg,2,35.0,321.5,53.0,348.5,OTHER
data/processed/signs_v0/images/test/Placa581_D1_jpg.jpg,0,557.2,314.5,600.7,375.5,OTHER
data/processed/signs_v0/images/test/Placa581_D1_jpg.jpg,1,391.0,351.5,404.0,374.5,SKIP
data/processed/signs_v0/images/test/Placa588_D1_jpg.jpg,0,549.5,346.5,593.5,432.5,STOP
data/processed/signs_v0/images/test/Placa588_E_JPG.jpg,0,92.5,245.0,226.5,349.0,OTHER
data/processed/signs_v0/images/test/Placa621_E_JPG.jpg,0,319.0,393.5,465.0,475.5,PEDESTRIAN_CROSSING
data/processed/signs_v0/images/test/Placa622_E_JPG.jpg,0,343.0,134.5,436.0,246.5,OTHER
data/processed/signs_v0/images/test/Placa630_D1_jpg.jpg,0,326.5,245.0,351.5,264.0,SKIP
data/processed/signs_v0/images/test/Placa630_E_JPG.jpg,0,230.0,387.5,331.0,463.5,SKIP
data/processed/signs_v0/images/test/Placa646_E_JPG.jpg,0,315.0,79.0,454.0,288.0,OTHER
data/processed/signs_v0/images/test/Placa654_D1_jpg.jpg,0,324.5,548.0,432.5,594.0,OTHER
data/processed/signs_v0/images/test/Placa657_D1_jpg.jpg,0,481.5,238.5,543.5,357.5,OTHER
data/processed/signs_v0/images/test/Placa657_D1_jpg.jpg,1,309.5,340.2,323.5,367.8,SKIP
data/processed/signs_v0/images/test/Placa677_E_JPG.jpg,0,343.3,99.2,438.8,276.8,OTHER
data/processed/signs_v0/images/test/Placa689_D1_jpg.jpg,0,496.5,239.3,558.5,355.8,OTHER
data/processed/signs_v0/images/test/Placa690_D1_jpg.jpg,0,313.0,487.5,413.0,552.5,OTHER
data/processed/signs_v0/images/test/Placa690_E_JPG.jpg,0,246.0,153.3,339.0,329.8,OTHER
data/processed/signs_v0/images/test/Placa691_E_JPG.jpg,0,112.7,126.8,152.2,275.3,SKIP
data/processed/signs_v0/images/test/Placa697_D1_jpg.jpg,0,305.5,38.0,406.5,82.0,OTHER
data/processed/signs_v0/images/test/Placa697_D2_JPG.jpg,0,260.2,163.0,388.7,371.0,PEDESTRIAN_CROSSING
data/processed/signs_v0/images/test/Placa697_D2_JPG.jpg,1,46.5,169.0,209.5,280.0,OTHER
data/processed/signs_v0/images/test/Placa701_D2_JPG.jpg,0,35.0,188.0,296.0,446.0,OTHER
data/processed/signs_v0/images/test/Placa705_E_JPG.jpg,0,110.5,236.0,211.5,329.0,SPEED_LIMIT_80
data/processed/signs_v0/images/test/Placa706_E_JPG.jpg,0,341.0,144.0,420.0,254.0,OTHER
data/processed/signs_v0/images/test/Placa721_D1_JPG.jpg,0,226.5,241.3,281.5,364.8,OTHER
data/processed/signs_v0/images/test/Placa721_D2_JPG.jpg,0,215.0,163.8,431.0,242.3,OTHER
data/processed/signs_v0/images/test/Placa721_D2_JPG.jpg,1,141.7,238.3,216.2,320.8,SKIP
data/processed/signs_v0/images/test/Placa721_D2_JPG.jpg,2,220.8,279.3,329.3,387.8,SKIP
data/processed/signs_v0/images/test/Placa726_D1_JPG.jpg,0,367.8,323.5,427.3,406.5,OTHER
data/processed/signs_v0/images/test/Placa726_D2_JPG.jpg,0,321.0,186.5,406.0,340.5,OTHER
data/processed/signs_v0/images/test/Placa726_D2_JPG.jpg,1,297.5,200.5,317.5,238.5,SKIP
data/processed/signs_v0/images/test/Placa729_D1_JPG.jpg,0,258.0,246.5,444.0,426.5,PEDESTRIAN_CROSSING
data/processed/signs_v0/images/test/Placa729_D2_JPG.jpg,0,155.0,216.5,336.0,326.5,OTHER
data/processed/signs_v0/images/test/Placa730_D1_JPG.jpg,0,112.5,160.0,221.5,254.0,OTHER
data/processed/signs_v0/images/test/Placa739_D1_JPG.jpg,0,302.0,380.0,437.0,432.0,SKIP
data/processed/signs_v0/images/test/Placa739_D2_JPG.jpg,0,341.0,170.7,401.0,274.2,OTHER
data/processed/signs_v0/images/test/Placa73_D2_jpg.jpg,0,490.0,5.3,635.0,109.8,SKIP
data/processed/signs_v0/images/test/Placa73_D2_jpg.jpg,1,418.5,147.0,504.5,249.0,PEDESTRIAN_CROSSING
data/processed/signs_v0/images/test/Placa73_E1_jpg.jpg,0,276.0,477.5,365.0,540.5,PEDESTRIAN_CROSSING
data/processed/signs_v0/images/test/Placa73_E1_jpg.jpg,1,264.0,0.0,318.0,48.0,SKIP
data/processed/signs_v0/images/test/Placa740_D2_JPG.jpg,0,316.0,159.3,461.0,291.8,OTHER
data/processed/signs_v0/images/test/Placa752_D1_JPG.jpg,0,260.7,299.0,312.2,395.0,SPEED_LIMIT_80
data/processed/signs_v0/images/test/Placa752_D2_JPG.jpg,0,280.7,194.3,405.2,280.8,OTHER
data/processed/signs_v0/images/test/Placa752_D2_JPG.jpg,1,194.7,184.0,234.2,238.0,OTHER
data/processed/signs_v0/images/test/Placa758_D1_JPG.jpg,0,352.5,281.0,461.5,351.0,SKIP
data/processed/signs_v0/images/test/Placa758_D2_JPG.jpg,0,181.0,97.0,261.0,156.0,STOP
data/processed/signs_v0/images/test/Placa777_D1_JPG.jpg,0,288.0,315.5,310.0,371.5,SKIP
data/processed/signs_v0/images/test/Placa785_D1_JPG.jpg,0,172.5,378.3,259.5,475.8,OTHER
data/processed/signs_v0/images/test/Placa791_D1_JPG.jpg,0,142.0,240.3,205.0,349.8,OTHER
data/processed/signs_v0/images/test/Placa7_D2_jpg.jpg,0,552.8,254.0,599.2,373.0,OTHER
data/processed/signs_v0/images/test/Placa813_D1_JPG.jpg,0,296.8,266.8,371.2,356.3,SPEED_LIMIT_30
data/processed/signs_v0/images/test/Placa822_D1_JPG.jpg,0,192.2,264.8,243.8,355.2,SPEED_LIMIT_30
data/processed/signs_v0/images/test/Placa824_D1_JPG.jpg,0,196.0,241.5,246.0,320.5,OTHER
data/processed/signs_v0/images/test/Placa828_D1_JPG.jpg,0,210.5,170.0,319.5,374.0,PEDESTRIAN_CROSSING
data/processed/signs_v0/images/test/Placa851_D1_JPG.jpg,0,171.2,192.0,222.7,323.0,OTHER
data/processed/signs_v0/images/test/Placa856_D1_JPG.jpg,0,188.0,227.0,339.0,314.0,OTHER
