frame,det_conf,w,h,aspect_w_over_h,area_share,top1,top1_conf,top2,top2_conf,margin
0,0.69,43,73,0.6,0.0077,NO_ENTRY,0.94,NOT_SIGN,0.058,0.883
5,0.714,46,81,0.57,0.0091,NO_ENTRY,0.474,NOT_SIGN,0.473,0.0
10,0.575,30,91,0.33,0.0066,NO_ENTRY,0.999,NOT_SIGN,0.001,0.998
25,0.506,30,56,0.54,0.0041,NOT_SIGN,1.0,SPEED_LIMIT_60,0.0,1.0
35,0.276,31,60,0.52,0.0045,NOT_SIGN,1.0,SPEED_LIMIT_60,0.0,1.0
65,0.355,74,37,2.01,0.0066,NOT_SIGN,1.0,SPEED_LIMIT_30,0.0,1.0
70,0.704,77,39,1.97,0.0074,NOT_SIGN,1.0,SPEED_LIMIT_30,0.0,1.0
75,0.939,64,34,1.92,0.0053,NOT_SIGN,1.0,YIELD,0.0,1.0
75,0.255,17,38,0.45,0.0016,NOT_SIGN,1.0,SPEED_LIMIT_60,0.0,1.0
80,0.93,75,37,2.02,0.0068,NOT_SIGN,1.0,SPEED_LIMIT_30,0.0,1.0
80,0.55,18,44,0.41,0.002,NOT_SIGN,1.0,SPEED_LIMIT_60,0.0,1.0
85,0.948,83,43,1.93,0.0087,NOT_SIGN,1.0,SPEED_LIMIT_30,0.0,1.0
85,0.551,20,45,0.44,0.0022,NOT_SIGN,1.0,SPEED_LIMIT_60,0.0,1.0
90,0.932,97,50,1.96,0.0118,NOT_SIGN,1.0,YIELD,0.0,1.0
90,0.484,17,50,0.34,0.0021,NOT_SIGN,1.0,SPEED_LIMIT_60,0.0,1.0
95,0.938,116,58,2.01,0.0164,NOT_SIGN,1.0,YIELD,0.0,1.0
100,0.955,127,74,1.71,0.0231,NOT_SIGN,1.0,YIELD,0.0,1.0
100,0.686,22,60,0.36,0.0031,NOT_SIGN,1.0,SPEED_LIMIT_60,0.0,1.0
105,0.891,44,96,0.46,0.0103,NOT_SIGN,1.0,YIELD,0.0,1.0
105,0.596,23,67,0.34,0.0037,NOT_SIGN,1.0,SPEED_LIMIT_60,0.0,0.999
110,0.668,28,76,0.38,0.0053,NOT_SIGN,1.0,SPEED_LIMIT_60,0.0,1.0
115,0.854,31,83,0.37,0.0063,NOT_SIGN,0.993,SPEED_LIMIT_60,0.007,0.986
120,0.756,36,99,0.37,0.0088,NOT_SIGN,0.999,SPEED_LIMIT_60,0.001,0.999
125,0.804,46,119,0.38,0.0133,NOT_SIGN,1.0,SPEED_LIMIT_60,0.0,0.999
130,0.852,56,151,0.37,0.0204,NOT_SIGN,0.9,SPEED_LIMIT_60,0.1,0.8
135,0.859,50,207,0.24,0.0253,NOT_SIGN,0.908,SPEED_LIMIT_60,0.09,0.818
170,0.625,19,65,0.29,0.003,NOT_SIGN,1.0,YIELD,0.0,1.0
215,0.279,14,47,0.29,0.0016,NOT_SIGN,1.0,SPEED_LIMIT_60,0.0,1.0
220,0.26,63,105,0.6,0.0162,NOT_SIGN,1.0,SPEED_LIMIT_60,0.0,1.0
225,0.307,36,85,0.43,0.0076,NOT_SIGN,1.0,YIELD,0.0,1.0
230,0.498,126,165,0.76,0.0511,NOT_SIGN,1.0,YIELD,0.0,1.0
235,0.407,17,61,0.27,0.0025,NOT_SIGN,1.0,SPEED_LIMIT_60,0.0,1.0
290,0.918,124,115,1.08,0.0346,NOT_SIGN,1.0,YIELD,0.0,1.0
290,0.917,52,76,0.68,0.0097,NOT_SIGN,1.0,YIELD,0.0,1.0
290,0.695,92,115,0.8,0.0257,NOT_SIGN,1.0,SPEED_LIMIT_60,0.0,1.0
290,0.352,26,60,0.44,0.0039,NOT_SIGN,1.0,YIELD,0.0,1.0
290,0.258,41,33,1.24,0.0033,NOT_SIGN,1.0,YIELD,0.0,1.0
295,0.885,51,74,0.69,0.0093,NOT_SIGN,1.0,YIELD,0.0,1.0
295,0.863,73,139,0.52,0.0247,NOT_SIGN,1.0,YIELD,0.0,1.0
295,0.644,34,51,0.66,0.0043,NOT_SIGN,1.0,SPEED_LIMIT_30,0.0,1.0
295,0.597,93,117,0.79,0.0266,NOT_SIGN,1.0,SPEED_LIMIT_60,0.0,1.0
295,0.363,50,33,1.53,0.004,NOT_SIGN,1.0,YIELD,0.0,1.0
300,0.821,51,77,0.66,0.0097,NOT_SIGN,1.0,YIELD,0.0,1.0
300,0.758,94,121,0.78,0.0277,NOT_SIGN,1.0,SPEED_LIMIT_30,0.0,1.0
300,0.393,36,78,0.45,0.0068,NOT_SIGN,1.0,SPEED_LIMIT_60,0.0,1.0
300,0.351,20,59,0.34,0.0029,NOT_SIGN,1.0,YIELD,0.0,1.0
305,0.866,52,80,0.66,0.0101,NOT_SIGN,1.0,YIELD,0.0,1.0
305,0.794,96,122,0.78,0.0287,NOT_SIGN,1.0,SPEED_LIMIT_60,0.0,1.0
305,0.492,17,62,0.27,0.0026,NOT_SIGN,1.0,YIELD,0.0,1.0
310,0.941,54,80,0.67,0.0106,NOT_SIGN,1.0,YIELD,0.0,1.0
310,0.899,98,116,0.85,0.0278,NOT_SIGN,1.0,YIELD,0.0,1.0
310,0.733,44,62,0.71,0.0067,NOT_SIGN,1.0,SPEED_LIMIT_60,0.0,1.0
315,0.784,53,80,0.67,0.0104,NOT_SIGN,1.0,YIELD,0.0,1.0
315,0.759,53,71,0.74,0.0092,NOT_SIGN,1.0,YIELD,0.0,1.0
315,0.419,104,111,0.93,0.0282,NOT_SIGN,1.0,SPEED_LIMIT_60,0.0,1.0
320,0.85,61,84,0.73,0.0124,NOT_SIGN,1.0,SPEED_LIMIT_30,0.0,1.0
320,0.823,103,131,0.79,0.0329,NOT_SIGN,1.0,SPEED_LIMIT_60,0.0,1.0
320,0.541,56,84,0.67,0.0116,NOT_SIGN,1.0,SPEED_LIMIT_60,0.0,1.0
320,0.459,55,35,1.55,0.0047,NOT_SIGN,1.0,YIELD,0.0,1.0
320,0.407,21,20,1.06,0.001,NOT_SIGN,1.0,SPEED_LIMIT_60,0.0,1.0
320,0.323,26,30,0.88,0.0019,NOT_SIGN,1.0,SPEED_LIMIT_30,0.0,1.0
325,0.914,104,133,0.78,0.0337,NOT_SIGN,1.0,YIELD,0.0,1.0
325,0.89,75,102,0.74,0.0186,NOT_SIGN,1.0,SPEED_LIMIT_30,0.0,1.0
325,0.847,54,78,0.7,0.0104,NOT_SIGN,1.0,SPEED_LIMIT_60,0.0,1.0
325,0.346,58,35,1.66,0.005,NOT_SIGN,1.0,YIELD,0.0,1.0
330,0.853,106,138,0.77,0.0358,NOT_SIGN,1.0,YIELD,0.0,1.0
330,0.825,58,85,0.69,0.0121,NOT_SIGN,1.0,YIELD,0.0,1.0
330,0.725,33,129,0.26,0.0104,NOT_SIGN,1.0,SPEED_LIMIT_30,0.0,1.0
330,0.408,26,34,0.76,0.0021,NOT_SIGN,1.0,SPEED_LIMIT_30,0.0,1.0
335,0.898,110,142,0.78,0.0382,NOT_SIGN,1.0,YIELD,0.0,1.0
335,0.398,23,19,1.19,0.0011,NOT_SIGN,1.0,SPEED_LIMIT_60,0.0,1.0
340,0.868,114,144,0.79,0.04,NOT_SIGN,1.0,SPEED_LIMIT_60,0.0,1.0
340,0.688,56,79,0.71,0.0108,NOT_SIGN,1.0,SPEED_LIMIT_60,0.0,1.0
340,0.461,56,32,1.77,0.0043,NOT_SIGN,1.0,YIELD,0.0,1.0
345,0.881,117,148,0.79,0.0425,NOT_SIGN,1.0,SPEED_LIMIT_60,0.0,1.0
345,0.685,56,76,0.74,0.0104,NOT_SIGN,1.0,SPEED_LIMIT_30,0.0,1.0
345,0.561,61,36,1.69,0.0054,NOT_SIGN,1.0,YIELD,0.0,1.0
350,0.889,120,152,0.79,0.0448,NOT_SIGN,1.0,SPEED_LIMIT_60,0.0,1.0
350,0.404,58,34,1.72,0.0049,NOT_SIGN,1.0,YIELD,0.0,1.0
350,0.32,30,31,0.99,0.0023,NOT_SIGN,1.0,YIELD,0.0,1.0
350,0.288,57,77,0.75,0.0108,NOT_SIGN,1.0,SPEED_LIMIT_30,0.0,1.0
355,0.899,123,160,0.77,0.0481,NOT_SIGN,1.0,SPEED_LIMIT_60,0.0,1.0
355,0.727,60,83,0.73,0.0123,NOT_SIGN,1.0,SPEED_LIMIT_30,0.0,1.0
355,0.387,28,29,0.97,0.002,NOT_SIGN,1.0,SPEED_LIMIT_60,0.0,1.0
435,0.459,15,37,0.41,0.0014,NOT_SIGN,1.0,YIELD,0.0,1.0
440,0.475,18,36,0.51,0.0016,NOT_SIGN,1.0,YIELD,0.0,1.0
465,0.333,33,68,0.49,0.0055,NOT_SIGN,1.0,YIELD,0.0,1.0
470,0.304,68,40,1.7,0.0066,NOT_SIGN,0.999,YIELD,0.001,0.998
475,0.283,32,46,0.7,0.0037,NOT_SIGN,1.0,YIELD,0.0,1.0
605,0.287,139,102,1.35,0.0347,NOT_SIGN,0.956,NO_ENTRY,0.035,0.921
610,0.287,140,74,1.91,0.0252,NOT_SIGN,0.996,NO_ENTRY,0.003,0.993
615,0.365,144,66,2.18,0.0233,NOT_SIGN,0.992,NO_ENTRY,0.003,0.989
625,0.26,160,124,1.29,0.0483,NOT_SIGN,0.999,NO_ENTRY,0.001,0.998
630,0.405,14,35,0.4,0.0012,NOT_SIGN,1.0,SPEED_LIMIT_60,0.0,1.0
635,0.429,177,79,2.24,0.0342,NOT_SIGN,0.997,NO_ENTRY,0.002,0.995
640,0.277,188,94,2.0,0.043,NOT_SIGN,0.992,STOP,0.006,0.985
645,0.284,16,41,0.39,0.0016,NOT_SIGN,1.0,SPEED_LIMIT_60,0.0,1.0
